gid,cp,period,lead_margin,mc_win,cum_at,cum_min,buy_won,buy_fair,ml
bdl_3594,Q2_5,2,6,0.019,0.868,0.242,0,0.42207792207792205,136.92307692307693
bdl_3595,Q2_5,2,9,0.125,0.988,0.984,0,0.21052631578947367,375.0
bdl_3596,Q2_5,2,7,0.016,0.975,0.548,0,0.23776223776223782,320.58823529411757
bdl_3597,Q2_5,2,3,0.041,0.732,0.616,1,0.4225352112676056,136.66666666666666
bdl_3598,Q4_7.5,4,2,0.61,0.61,0.61,1,0.234375,326.6666666666667
bdl_3599,Q3_5,3,2,0.669,0.669,0.263,0,0.4747474747474747,110.63829787234044
bdl_3600,Q2_5,2,5,0.001,0.894,0.894,0,0.39860139860139865,150.8771929824561
bdl_3601,Q2_5,2,2,0.011,0.691,0.107,1,0.4388489208633094,127.86885245901635
bdl_3602,Q2_2.5,2,9,0.013,0.96,0.895,0,0.21052631578947367,375.0
bdl_3603,Q2_2.5,2,17,0.0565,0.999,0.999,0,0.0625,1500.0
bdl_3604,Q3_5,3,8,0.333,0.905,0.893,0,0.1707317073170732,485.7142857142856
bdl_3605,Q2_5,2,1,0.552,0.773,0.773,1,0.4513274336283186,121.56862745098036
bdl_3606,Q2_5,2,11,0.5685,0.995,0.863,1,0.2210526315789474,352.38095238095235
bdl_3607,Q3_END,3,2,0.264,0.625,0.113,1,0.4747474747474747,110.63829787234044
bdl_3608,Q3_END,3,3,0.014,0.692,0.628,0,0.44545454545454544,124.48979591836738
bdl_3609,Q3_5,3,12,0.049,0.996,0.971,0,0.08139534883720934,1128.5714285714282
bdl_3610,Q2_2.5,2,6,0.071,0.918,0.898,1,0.42207792207792205,136.92307692307693
bdl_3611,Q3_2.5,3,2,0.599,0.599,0.599,0,0.4747474747474747,110.63829787234044
bdl_3612,Q2_END,2,4,0.67,0.755,0.755,1,0.3486842105263158,186.79245283018867
bdl_3613,Q2_2.5,2,7,0.418,0.888,0.781,0,0.23776223776223782,320.58823529411757
bdl_3614,Q2_7.5,2,1,0.639,0.639,0.161,0,0.4513274336283186,121.56862745098036
bdl_3615,Q2_END,2,8,0.598,0.95,0.399,0,0.26515151515151514,277.14285714285717
bdl_3616,Q2_7.5,2,2,0.686,0.686,0.229,1,0.4388489208633094,127.86885245901635
bdl_3617,Q2_5,2,6,0.663,0.932,0.932,1,0.42207792207792205,136.92307692307693
bdl_3618,Q2_2.5,2,12,0.0,0.993,0.753,0,0.1578947368421053,533.3333333333331
bdl_3619,Q2_7.5,2,1,0.561,0.561,0.513,1,0.4513274336283186,121.56862745098036
bdl_3620,Q3_7.5,3,7,0.009,0.874,0.874,0,0.21705426356589153,360.7142857142856
bdl_3621,Q2_5,2,11,0.501,0.994,0.943,0,0.2210526315789474,352.38095238095235
bdl_3622,Q2_2.5,2,13,0.603,0.996,0.996,0,0.14102564102564108,609.0909090909088
bdl_3623,Q2_2.5,2,1,0.035,0.522,0.522,1,0.4513274336283186,121.56862745098036
bdl_3624,Q3_7.5,3,4,0.004,0.767,0.767,0,0.34905660377358494,186.48648648648646
bdl_3625,Q3_7.5,3,13,0.455,0.997,0.997,0,0.11250000000000004,788.8888888888886
bdl_3626,Q2_5,2,4,0.639,0.824,0.824,0,0.3486842105263158,186.79245283018867
bdl_3627,Q2_7.5,2,1,0.465,0.465,0.465,1,0.4513274336283186,121.56862745098036
bdl_3628,Q2_5,2,3,0.0,0.821,0.662,1,0.4225352112676056,136.66666666666666
bdl_3629,Q2_5,2,5,0.338,0.814,0.28,1,0.39860139860139865,150.8771929824561
bdl_3630,Q3_7.5,3,8,0.49,0.929,0.836,0,0.1707317073170732,485.7142857142856
bdl_3631,Q2_2.5,2,7,0.409,0.9085,0.821,0,0.23776223776223782,320.58823529411757
bdl_3632,Q3_2.5,3,15,0.045,0.994,0.957,0,0.030303030303030276,3200.0000000000027
bdl_3633,Q2_5,2,5,0.085,0.914,0.73,1,0.39860139860139865,150.8771929824561
bdl_3634,Q2_7.5,2,1,0.665,0.665,0.333,0,0.4513274336283186,121.56862745098036
bdl_3635,Q2_5,2,12,0.268,0.997,0.767,0,0.1578947368421053,533.3333333333331
bdl_3636,Q3_7.5,3,21,0.5005,1.0,0.997,0,0.02857142857142858,3399.9999999999986
bdl_3637,Q2_7.5,2,2,0.69,0.69,0.105,0,0.4388489208633094,127.86885245901635
bdl_3638,Q3_END,3,14,0.074,0.999,0.999,0,0.05882352941176472,1599.9999999999995
bdl_3639,Q3_5,3,18,0.24,1.0,1.0,0,0.015873015873015928,6199.999999999978
bdl_3640,Q3_7.5,3,16,0.6135,0.998,0.998,0,0.02083333333333337,4699.999999999992
bdl_3641,Q2_2.5,2,3,0.0,0.726,0.518,1,0.4225352112676056,136.66666666666666
bdl_3643,Q2_2.5,2,2,0.0,0.733,0.648,0,0.4388489208633094,127.86885245901635
bdl_3644,Q2_END,2,13,0.0,0.996,0.996,0,0.14102564102564108,609.0909090909088
bdl_3645,Q2_5,2,16,0.3375,1.0,0.865,0,0.03448275862068961,2800.0000000000036
bdl_3646,Q2_2.5,2,18,0.485,1.0,1.0,0,0.0,9900.0
bdl_3647,Q2_2.5,2,10,0.546,0.976,0.971,1,0.2666666666666667,274.9999999999999
bdl_3648,Q2_5,2,2,0.646,0.67,0.475,0,0.4388489208633094,127.86885245901635
bdl_3649,Q2_2.5,2,2,0.0,0.646,0.621,0,0.4388489208633094,127.86885245901635
bdl_3650,Q3_5,3,8,0.282,0.946,0.752,0,0.1707317073170732,485.7142857142856
bdl_3652,Q2_2.5,2,1,0.539,0.503,0.503,1,0.4513274336283186,121.56862745098036
bdl_3654,Q2_5,2,12,0.0005,0.999,0.98,0,0.1578947368421053,533.3333333333331
bdl_3655,Q3_5,3,1,0.562,0.562,0.29,1,0.4787234042553191,108.8888888888889
bdl_3656,Q2_2.5,2,3,0.033,0.669,0.622,0,0.4225352112676056,136.66666666666666
bdl_3658,Q2_END,2,1,0.568,0.568,0.264,1,0.4513274336283186,121.56862745098036
bdl_3659,Q2_5,2,13,0.259,0.993,0.993,0,0.14102564102564108,609.0909090909088
bdl_3660,Q2_END,2,5,0.0,0.831,0.831,0,0.39860139860139865,150.8771929824561
bdl_3661,Q4_5,4,14,0.336,0.999,0.999,0,0.0,9900.0
bdl_3662,Q2_7.5,2,1,0.594,0.594,0.594,0,0.4513274336283186,121.56862745098036
bdl_3664,Q2_5,2,9,0.019,0.962,0.962,1,0.21052631578947367,375.0
bdl_3665,Q2_2.5,2,5,0.34,0.856,0.856,0,0.39860139860139865,150.8771929824561
bdl_3666,Q2_5,2,6,0.0,0.937,0.264,1,0.42207792207792205,136.92307692307693
bdl_3667,Q2_5,2,3,0.044,0.753,0.753,0,0.4225352112676056,136.66666666666666
bdl_3668,Q2_2.5,2,10,0.2285,0.985,0.497,1,0.2666666666666667,274.9999999999999
bdl_3669,Q2_2.5,2,10,0.0,0.979,0.973,0,0.2666666666666667,274.9999999999999
bdl_3670,Q2_5,2,5,0.124,0.766,0.662,0,0.39860139860139865,150.8771929824561
bdl_3671,Q2_2.5,2,1,0.041,0.598,0.312,0,0.4513274336283186,121.56862745098036
bdl_3672,Q2_2.5,2,11,0.534,0.988,0.988,0,0.2210526315789474,352.38095238095235
bdl_3673,Q2_5,2,7,0.691,0.956,0.844,0,0.23776223776223782,320.58823529411757
bdl_3674,Q2_5,2,2,0.0,0.622,0.489,0,0.4388489208633094,127.86885245901635
bdl_3675,Q3_7.5,3,7,0.018,0.931,0.924,0,0.21705426356589153,360.7142857142856
bdl_3676,Q2_2.5,2,2,0.0,0.656,0.645,1,0.4388489208633094,127.86885245901635
bdl_3677,Q2_7.5,2,2,0.697,0.697,0.697,0,0.4388489208633094,127.86885245901635
bdl_3678,Q2_5,2,9,0.01,0.99,0.683,0,0.21052631578947367,375.0
bdl_3679,Q2_5,2,13,0.601,1.0,0.997,0,0.14102564102564108,609.0909090909088
bdl_3681,Q2_7.5,2,1,0.621,0.621,0.297,1,0.4513274336283186,121.56862745098036
bdl_3682,Q2_2.5,2,15,0.1405,1.0,0.999,0,0.15000000000000002,566.6666666666666
bdl_3683,Q3_7.5,3,14,0.258,0.999,0.905,0,0.05882352941176472,1599.9999999999995
bdl_3685,Q3_END,3,15,0.023,0.997,0.99,0,0.030303030303030276,3200.0000000000027
bdl_3686,Q2_2.5,2,6,0.042,0.936,0.936,0,0.42207792207792205,136.92307692307693
bdl_3687,Q3_5,3,26,0.586,1.0,1.0,0,0.0,9900.0
bdl_3689,Q2_2.5,2,2,0.0,0.716,0.172,1,0.4388489208633094,127.86885245901635
bdl_3690,Q2_2.5,2,2,0.645,0.645,0.611,1,0.4388489208633094,127.86885245901635
bdl_3691,Q2_2.5,2,2,0.002,0.706,0.388,1,0.4388489208633094,127.86885245901635
bdl_3692,Q2_2.5,2,10,0.073,0.979,0.679,1,0.2666666666666667,274.9999999999999
bdl_3693,Q2_5,2,6,0.0,0.927,0.576,0,0.42207792207792205,136.92307692307693
bdl_3694,Q2_7.5,2,1,0.575,0.575,0.575,1,0.4513274336283186,121.56862745098036
bdl_3695,Q2_2.5,2,10,0.0425,0.956,0.956,0,0.2666666666666667,274.9999999999999
bdl_3696,Q2_2.5,2,2,0.6685,0.6685,0.595,1,0.4388489208633094,127.86885245901635
bdl_3697,Q2_7.5,2,4,0.697,0.697,0.697,1,0.3486842105263158,186.79245283018867
bdl_3698,Q2_5,2,4,0.1045,0.684,0.684,1,0.3486842105263158,186.79245283018867
bdl_3699,Q2_5,2,8,0.38,0.995,0.995,0,0.26515151515151514,277.14285714285717
bdl_3700,Q2_5,2,8,0.0,0.963,0.839,1,0.26515151515151514,277.14285714285717
bdl_3702,Q2_2.5,2,7,0.39,0.905,0.905,0,0.23776223776223782,320.58823529411757
bdl_3703,Q3_5,3,9,0.312,0.942,0.932,0,0.10769230769230764,828.571428571429
bdl_3704,Q2_END,2,6,0.138,0.92,0.92,0,0.42207792207792205,136.92307692307693
bdl_3705,Q2_2.5,2,2,0.0105,0.658,0.45,1,0.4388489208633094,127.86885245901635
bdl_3707,Q3_5,3,8,0.5815,0.916,0.849,0,0.1707317073170732,485.7142857142856
bdl_3708,Q2_5,2,2,0.001,0.71,0.71,1,0.4388489208633094,127.86885245901635
bdl_3709,Q3_2.5,3,7,0.0,0.857,0.857,0,0.21705426356589153,360.7142857142856
bdl_3710,Q2_7.5,2,1,0.481,0.481,0.481,0,0.4513274336283186,121.56862745098036
bdl_3712,Q2_5,2,1,0.593,0.593,0.546,1,0.4513274336283186,121.56862745098036
bdl_3713,Q3_5,3,7,0.0,0.902,0.902,1,0.21705426356589153,360.7142857142856
bdl_3714,Q2_7.5,2,1,0.478,0.478,0.478,1,0.4513274336283186,121.56862745098036
bdl_3715,Q2_5,2,4,0.0,0.8195,0.442,1,0.3486842105263158,186.79245283018867
bdl_3717,Q3_5,3,9,0.675,0.967,0.967,0,0.10769230769230764,828.571428571429
bdl_3718,Q2_7.5,2,2,0.66,0.66,0.64,0,0.4388489208633094,127.86885245901635
bdl_3719,Q3_7.5,3,3,0.006,0.748,0.682,1,0.44545454545454544,124.48979591836738
bdl_3720,Q2_5,2,6,0.0025,0.947,0.771,1,0.42207792207792205,136.92307692307693
bdl_3721,Q2_5,2,8,0.441,0.979,0.979,0,0.26515151515151514,277.14285714285717
bdl_3722,Q2_2.5,2,11,0.0,0.991,0.598,0,0.2210526315789474,352.38095238095235
bdl_3723,Q2_2.5,2,12,0.0,0.992,0.961,0,0.1578947368421053,533.3333333333331
bdl_3724,Q3_7.5,3,2,0.0435,0.693,0.497,0,0.4747474747474747,110.63829787234044
bdl_3725,Q3_5,3,1,0.004,0.665,0.665,1,0.4787234042553191,108.8888888888889
bdl_3727,Q2_5,2,8,0.486,0.969,0.667,1,0.26515151515151514,277.14285714285717
bdl_3728,Q3_5,3,11,0.003,0.976,0.976,0,0.16842105263157892,493.7500000000001
bdl_3729,Q2_5,2,11,0.189,0.993,0.993,0,0.2210526315789474,352.38095238095235
bdl_3730,Q2_END,2,13,0.002,0.986,0.986,0,0.14102564102564108,609.0909090909088
bdl_3731,Q2_5,2,5,0.0005,0.772,0.479,1,0.39860139860139865,150.8771929824561
bdl_3732,Q2_5,2,6,0.035,0.842,0.51,0,0.42207792207792205,136.92307692307693
bdl_3733,Q2_7.5,2,2,0.628,0.628,0.628,1,0.4388489208633094,127.86885245901635
bdl_3734,Q2_5,2,7,0.0,0.945,0.689,1,0.23776223776223782,320.58823529411757
bdl_3735,Q2_5,2,6,0.352,0.92,0.356,1,0.42207792207792205,136.92307692307693
bdl_3736,Q2_END,2,6,0.029,0.892,0.842,0,0.42207792207792205,136.92307692307693
bdl_3737,Q2_5,2,3,0.0,0.604,0.391,0,0.4225352112676056,136.66666666666666
bdl_3738,Q2_2.5,2,1,0.0,0.582,0.582,1,0.4513274336283186,121.56862745098036
bdl_3739,Q2_2.5,2,7,0.399,0.908,0.747,0,0.23776223776223782,320.58823529411757
bdl_3740,Q2_2.5,2,14,0.063,0.999,0.871,0,0.05882352941176472,1599.9999999999995
bdl_3741,Q3_7.5,3,1,0.02,0.485,0.453,1,0.4787234042553191,108.8888888888889
bdl_3742,Q2_5,2,8,0.169,0.988,0.93,1,0.26515151515151514,277.14285714285717
bdl_3743,Q2_7.5,2,1,0.612,0.612,0.612,1,0.4513274336283186,121.56862745098036
bdl_3744,Q2_2.5,2,23,0.6995,1.0,0.999,0,0.0,9900.0
bdl_3745,Q2_5,2,3,0.652,0.652,0.652,1,0.4225352112676056,136.66666666666666
bdl_3746,Q2_2.5,2,20,0.057,1.0,1.0,0,0.0,9900.0
bdl_3747,Q2_2.5,2,8,0.428,0.979,0.979,1,0.26515151515151514,277.14285714285717
bdl_3748,Q2_2.5,2,23,0.6885,1.0,0.978,0,0.0,9900.0
bdl_3749,Q2_2.5,2,4,0.0,0.775,0.775,0,0.3486842105263158,186.79245283018867
bdl_3752,Q3_7.5,3,4,0.619,0.796,0.432,1,0.34905660377358494,186.48648648648646
bdl_3753,Q2_2.5,2,3,0.0025,0.764,0.764,0,0.4225352112676056,136.66666666666666
bdl_3754,Q2_2.5,2,1,0.0,0.621,0.606,1,0.4513274336283186,121.56862745098036
bdl_3755,Q2_5,2,2,0.031,0.581,0.581,0,0.4388489208633094,127.86885245901635
bdl_3756,Q2_5,2,15,0.056,1.0,0.999,0,0.15000000000000002,566.6666666666666
bdl_3757,Q2_5,2,2,0.582,0.582,0.507,0,0.4388489208633094,127.86885245901635
bdl_3758,Q2_5,2,5,0.068,0.925,0.86,0,0.39860139860139865,150.8771929824561
bdl_3759,Q2_2.5,2,11,0.556,0.988,0.064,0,0.2210526315789474,352.38095238095235
bdl_3760,Q2_5,2,4,0.0,0.881,0.577,0,0.3486842105263158,186.79245283018867
bdl_3761,Q2_END,2,8,0.47,0.928,0.928,0,0.26515151515151514,277.14285714285717
bdl_3762,Q2_END,2,3,0.0,0.75,0.631,0,0.4225352112676056,136.66666666666666
bdl_3763,Q2_5,2,7,0.016,0.964,0.922,0,0.23776223776223782,320.58823529411757
bdl_3764,Q3_7.5,3,7,0.429,0.927,0.286,1,0.21705426356589153,360.7142857142856
bdl_3765,Q3_END,3,1,0.623,0.623,0.623,1,0.4787234042553191,108.8888888888889
bdl_3766,Q2_END,2,1,0.626,0.626,0.198,0,0.4513274336283186,121.56862745098036
bdl_3767,Q2_2.5,2,1,0.002,0.578,0.578,0,0.4513274336283186,121.56862745098036
bdl_3768,Q2_5,2,8,0.025,0.962,0.624,0,0.26515151515151514,277.14285714285717
bdl_3769,Q2_2.5,2,4,0.689,0.866,0.176,1,0.3486842105263158,186.79245283018867
bdl_3770,Q2_5,2,5,0.0,0.866,0.803,0,0.39860139860139865,150.8771929824561
bdl_3771,Q3_END,3,11,0.386,0.983,0.828,0,0.16842105263157892,493.7500000000001
bdl_3772,Q2_2.5,2,5,0.693,0.841,0.546,0,0.39860139860139865,150.8771929824561
bdl_3773,Q2_5,2,4,0.088,0.791,0.396,0,0.3486842105263158,186.79245283018867
bdl_3774,Q2_2.5,2,4,0.0005,0.805,0.741,0,0.3486842105263158,186.79245283018867
bdl_3775,Q2_5,2,2,0.2495,0.673,0.673,1,0.4388489208633094,127.86885245901635
bdl_3776,Q2_END,2,5,0.0,0.779,0.774,1,0.39860139860139865,150.8771929824561
bdl_3777,Q2_5,2,7,0.0,0.974,0.895,0,0.23776223776223782,320.58823529411757
bdl_3778,Q2_5,2,6,0.0,0.923,0.923,0,0.42207792207792205,136.92307692307693
bdl_3779,Q2_5,2,5,0.0,0.838,0.684,1,0.39860139860139865,150.8771929824561
bdl_3780,Q2_END,2,5,0.14,0.801,0.801,0,0.39860139860139865,150.8771929824561
bdl_3781,Q2_2.5,2,6,0.017,0.909,0.588,0,0.42207792207792205,136.92307692307693
bdl_3782,Q2_2.5,2,4,0.5645,0.785,0.785,0,0.3486842105263158,186.79245283018867
bdl_3783,Q2_5,2,8,0.072,0.988,0.393,0,0.26515151515151514,277.14285714285717
bdl_3784,Q2_END,2,3,0.0,0.709,0.709,0,0.4225352112676056,136.66666666666666
bdl_3785,Q2_END,2,8,0.579,0.965,0.965,0,0.26515151515151514,277.14285714285717
bdl_3786,Q2_5,2,7,0.358,0.987,0.835,0,0.23776223776223782,320.58823529411757
bdl_3787,Q2_7.5,2,1,0.569,0.569,0.495,1,0.4513274336283186,121.56862745098036
bdl_3788,Q2_END,2,24,0.0,1.0,1.0,0,0.0,9900.0
bdl_3789,Q2_5,2,10,0.512,0.987,0.987,0,0.2666666666666667,274.9999999999999
bdl_3790,Q2_2.5,2,7,0.047,0.908,0.713,1,0.23776223776223782,320.58823529411757
bdl_3791,Q2_5,2,11,0.049,0.996,0.973,0,0.2210526315789474,352.38095238095235
bdl_3792,Q2_5,2,13,0.227,1.0,0.999,0,0.14102564102564108,609.0909090909088
bdl_3793,Q2_5,2,8,0.014,0.964,0.964,0,0.26515151515151514,277.14285714285717
bdl_3794,Q3_2.5,3,1,0.059,0.571,0.571,0,0.4787234042553191,108.8888888888889
bdl_3795,Q2_2.5,2,5,0.109,0.863,0.712,0,0.39860139860139865,150.8771929824561
bdl_3796,Q3_2.5,3,18,0.19,0.999,0.999,0,0.015873015873015928,6199.999999999978
bdl_3797,Q3_2.5,3,12,0.605,0.991,0.867,0,0.08139534883720934,1128.5714285714282
bdl_3798,Q3_7.5,3,10,0.303,0.981,0.741,0,0.0898876404494382,1012.5
bdl_3799,Q2_7.5,2,3,0.664,0.664,0.664,1,0.4225352112676056,136.66666666666666
bdl_3801,Q3_7.5,3,13,0.4685,0.99,0.99,0,0.11250000000000004,788.8888888888886
bdl_3802,Q2_2.5,2,2,0.649,0.649,0.649,1,0.4388489208633094,127.86885245901635
bdl_3804,Q3_7.5,3,9,0.0825,0.917,0.917,0,0.10769230769230764,828.571428571429
bdl_3805,Q2_END,2,16,0.069,0.996,0.996,0,0.03448275862068961,2800.0000000000036
bdl_3806,Q3_5,3,2,0.655,0.655,0.311,1,0.4747474747474747,110.63829787234044
bdl_3807,Q2_7.5,2,1,0.586,0.586,0.586,0,0.4513274336283186,121.56862745098036
bdl_3808,Q2_5,2,13,0.073,0.998,0.971,0,0.14102564102564108,609.0909090909088
bdl_3809,Q2_END,2,11,0.6295,0.994,0.994,0,0.2210526315789474,352.38095238095235
bdl_3810,Q3_7.5,3,8,0.1115,0.895,0.761,0,0.1707317073170732,485.7142857142856
bdl_3811,Q2_2.5,2,15,0.004,1.0,0.998,0,0.15000000000000002,566.6666666666666
bdl_3812,Q2_5,2,9,0.16,0.98,0.503,1,0.21052631578947367,375.0
bdl_3813,Q2_END,2,18,0.219,1.0,0.996,0,0.0,9900.0
bdl_3814,Q2_7.5,2,1,0.623,0.623,0.623,1,0.4513274336283186,121.56862745098036
bdl_3815,Q3_7.5,3,9,0.5605,0.934,0.863,0,0.10769230769230764,828.571428571429
bdl_3816,Q2_2.5,2,13,0.0,0.998,0.991,1,0.14102564102564108,609.0909090909088
bdl_3817,Q2_5,2,1,0.057,0.638,0.638,1,0.4513274336283186,121.56862745098036
bdl_3818,Q2_2.5,2,5,0.343,0.862,0.862,0,0.39860139860139865,150.8771929824561
bdl_3819,Q2_END,2,2,0.601,0.601,0.601,1,0.4388489208633094,127.86885245901635
bdl_3820,Q2_5,2,14,0.6335,0.998,0.988,0,0.05882352941176472,1599.9999999999995
bdl_3821,Q2_5,2,3,0.001,0.771,0.771,0,0.4225352112676056,136.66666666666666
bdl_3822,Q2_5,2,2,0.001,0.618,0.432,1,0.4388489208633094,127.86885245901635
bdl_3823,Q2_5,2,4,0.01,0.816,0.595,0,0.3486842105263158,186.79245283018867
bdl_3824,Q3_7.5,3,11,0.116,0.987,0.971,1,0.16842105263157892,493.7500000000001
bdl_3825,Q2_7.5,2,2,0.68,0.68,0.265,0,0.4388489208633094,127.86885245901635
bdl_3826,Q2_2.5,2,11,0.628,0.988,0.981,0,0.2210526315789474,352.38095238095235
bdl_3827,Q2_END,2,14,0.149,0.999,0.993,0,0.05882352941176472,1599.9999999999995
bdl_3828,Q2_2.5,2,13,0.0,0.999,0.741,0,0.14102564102564108,609.0909090909088
bdl_3829,Q3_7.5,3,3,0.0,0.698,0.416,1,0.44545454545454544,124.48979591836738
bdl_3833,Q2_2.5,2,8,0.0,0.966,0.9,0,0.26515151515151514,277.14285714285717
bdl_3834,Q3_7.5,3,10,0.0,0.947,0.947,0,0.0898876404494382,1012.5
bdl_3835,Q2_5,2,13,0.016,0.998,0.976,0,0.14102564102564108,609.0909090909088
bdl_3837,Q3_7.5,3,7,0.0675,0.871,0.871,0,0.21705426356589153,360.7142857142856
bdl_3838,Q2_2.5,2,18,0.139,1.0,0.992,0,0.0,9900.0
bdl_3839,Q3_2.5,3,2,0.649,0.649,0.453,1,0.4747474747474747,110.63829787234044
bdl_3840,Q3_7.5,3,3,0.075,0.728,0.386,1,0.44545454545454544,124.48979591836738
bdl_3841,Q2_2.5,2,1,0.0,0.679,0.581,0,0.4513274336283186,121.56862745098036
bdl_3842,Q2_5,2,8,0.065,0.982,0.907,1,0.26515151515151514,277.14285714285717
bdl_3844,Q2_5,2,2,0.0,0.651,0.651,0,0.4388489208633094,127.86885245901635
bdl_3845,Q3_7.5,3,3,0.362,0.725,0.412,0,0.44545454545454544,124.48979591836738
bdl_3846,Q3_5,3,7,0.084,0.889,0.876,0,0.21705426356589153,360.7142857142856
bdl_3847,Q2_5,2,4,0.294,0.828,0.828,0,0.3486842105263158,186.79245283018867
bdl_3848,Q3_7.5,3,8,0.005,0.947,0.931,0,0.1707317073170732,485.7142857142856
bdl_3849,Q2_5,2,1,0.551,0.551,0.272,0,0.4513274336283186,121.56862745098036
bdl_3850,Q2_2.5,2,5,0.0,0.858,0.739,0,0.39860139860139865,150.8771929824561
bdl_3851,Q2_5,2,7,0.699,0.947,0.884,1,0.23776223776223782,320.58823529411757
bdl_3852,Q3_7.5,3,12,0.0,0.99,0.99,0,0.08139534883720934,1128.5714285714282
bdl_3853,Q2_5,2,15,0.694,1.0,0.954,0,0.15000000000000002,566.6666666666666
bdl_3854,Q2_END,2,10,0.0,0.975,0.926,0,0.2666666666666667,274.9999999999999
bdl_3855,Q2_5,2,7,0.0,0.979,0.94,0,0.23776223776223782,320.58823529411757
bdl_3857,Q2_END,2,7,0.006,0.948,0.743,1,0.23776223776223782,320.58823529411757
bdl_3858,Q2_5,2,2,0.0,0.682,0.226,1,0.4388489208633094,127.86885245901635
bdl_3859,Q2_5,2,3,0.696,0.696,0.514,1,0.4225352112676056,136.66666666666666
bdl_3860,Q2_END,2,3,0.68,0.69,0.673,0,0.4225352112676056,136.66666666666666
bdl_3861,Q3_7.5,3,9,0.003,0.963,0.876,0,0.10769230769230764,828.571428571429
bdl_3862,Q3_7.5,3,10,0.11,0.958,0.958,0,0.0898876404494382,1012.5
bdl_3863,Q2_5,2,6,0.0,0.9615,0.96,0,0.42207792207792205,136.92307692307693
bdl_3864,Q2_5,2,2,0.0,0.682,0.668,1,0.4388489208633094,127.86885245901635
bdl_3865,Q2_END,2,1,0.539,0.539,0.539,0,0.4513274336283186,121.56862745098036
bdl_3866,Q2_7.5,2,2,0.674,0.674,0.674,1,0.4388489208633094,127.86885245901635
bdl_3868,Q2_5,2,7,0.0,0.918,0.67,0,0.23776223776223782,320.58823529411757
bdl_3869,Q2_5,2,4,0.0075,0.826,0.826,0,0.3486842105263158,186.79245283018867
bdl_3870,Q2_5,2,3,0.0,0.815,0.429,0,0.4225352112676056,136.66666666666666
bdl_3871,Q2_END,2,4,0.028,0.757,0.757,1,0.3486842105263158,186.79245283018867
bdl_3872,Q2_END,2,3,0.341,0.719,0.452,1,0.4225352112676056,136.66666666666666
bdl_3873,Q2_5,2,8,0.431,0.967,0.967,0,0.26515151515151514,277.14285714285717
bdl_3874,Q3_5,3,6,0.011,0.867,0.867,0,0.2232142857142857,348.00000000000006
bdl_3875,Q2_2.5,2,3,0.005,0.747,0.747,0,0.4225352112676056,136.66666666666666
bdl_3876,Q3_7.5,3,12,0.4295,0.989,0.989,0,0.08139534883720934,1128.5714285714282
bdl_3877,Q3_7.5,3,3,0.318,0.692,0.692,1,0.44545454545454544,124.48979591836738
bdl_3878,Q2_2.5,2,10,0.0,0.972,0.895,0,0.2666666666666667,274.9999999999999
bdl_3879,Q2_7.5,2,2,0.598,0.598,0.512,0,0.4388489208633094,127.86885245901635
bdl_3880,Q2_7.5,2,1,0.616,0.616,0.543,1,0.4513274336283186,121.56862745098036
bdl_3881,Q3_7.5,3,2,0.1065,0.643,0.643,0,0.4747474747474747,110.63829787234044
bdl_3882,Q3_2.5,3,4,0.014,0.839,0.353,1,0.34905660377358494,186.48648648648646
bdl_3883,Q2_5,2,14,0.656,0.999,0.999,0,0.05882352941176472,1599.9999999999995
bdl_3884,Q3_7.5,3,15,0.554,0.992,0.992,0,0.030303030303030276,3200.0000000000027
bdl_3885,Q2_END,2,19,0.166,1.0,0.999,0,0.07692307692307687,1200.000000000001
bdl_3886,Q2_5,2,11,0.5415,0.997,0.971,0,0.2210526315789474,352.38095238095235
bdl_3887,Q2_5,2,4,0.256,0.84,0.84,0,0.3486842105263158,186.79245283018867
bdl_3888,Q2_5,2,3,0.016,0.718,0.718,1,0.4225352112676056,136.66666666666666
bdl_3889,Q3_5,3,4,0.387,0.753,0.753,0,0.34905660377358494,186.48648648648646
bdl_3890,Q3_5,3,2,0.68,0.642,0.587,1,0.4747474747474747,110.63829787234044
bdl_3891,Q2_5,2,5,0.0,0.899,0.888,0,0.39860139860139865,150.8771929824561
bdl_3892,Q3_END,3,9,0.277,0.966,0.749,0,0.10769230769230764,828.571428571429
bdl_3893,Q3_7.5,3,6,0.0,0.848,0.848,0,0.2232142857142857,348.00000000000006
bdl_3894,Q2_END,2,15,0.479,0.995,0.995,0,0.15000000000000002,566.6666666666666
bdl_3895,Q2_2.5,2,1,0.525,0.596,0.593,0,0.4513274336283186,121.56862745098036
bdl_3896,Q2_2.5,2,10,0.0,0.963,0.963,1,0.2666666666666667,274.9999999999999
bdl_3897,Q2_5,2,3,0.005,0.755,0.22,0,0.4225352112676056,136.66666666666666
bdl_3899,Q2_END,2,13,0.024,0.991,0.86,1,0.14102564102564108,609.0909090909088
bdl_3900,Q2_5,2,13,0.007,0.991,0.95,0,0.14102564102564108,609.0909090909088
bdl_3901,Q2_5,2,1,0.0,0.607,0.329,0,0.4513274336283186,121.56862745098036
bdl_3902,Q2_5,2,1,0.024,0.575,0.144,1,0.4513274336283186,121.56862745098036
bdl_3905,Q3_7.5,3,11,0.005,0.987,0.981,0,0.16842105263157892,493.7500000000001
bdl_3906,Q3_7.5,3,1,0.566,0.585,0.442,0,0.4787234042553191,108.8888888888889
bdl_3907,Q2_5,2,3,0.02,0.769,0.477,1,0.4225352112676056,136.66666666666666
bdl_3908,Q2_2.5,2,4,0.002,0.861,0.821,0,0.3486842105263158,186.79245283018867
bdl_3909,Q2_5,2,5,0.336,0.895,0.895,0,0.39860139860139865,150.8771929824561
bdl_3911,Q3_END,3,4,0.0025,0.76,0.709,0,0.34905660377358494,186.48648648648646
bdl_3912,Q2_5,2,11,0.041,0.996,0.996,0,0.2210526315789474,352.38095238095235
bdl_3913,Q2_2.5,2,11,0.137,0.9815,0.896,0,0.2210526315789474,352.38095238095235
bdl_3914,Q2_5,2,4,0.0735,0.816,0.767,1,0.3486842105263158,186.79245283018867
bdl_3916,Q3_7.5,3,16,0.0625,0.999,0.999,0,0.02083333333333337,4699.999999999992
bdl_3917,Q2_5,2,9,0.0,0.969,0.96,0,0.21052631578947367,375.0
bdl_3918,Q2_2.5,2,2,0.686,0.686,0.686,0,0.4388489208633094,127.86885245901635
bdl_3919,Q2_2.5,2,2,0.621,0.552,0.478,0,0.4388489208633094,127.86885245901635
bdl_3920,Q2_2.5,2,5,0.65,0.889,0.599,1,0.39860139860139865,150.8771929824561
bdl_3921,Q3_END,3,6,0.037,0.858,0.858,0,0.2232142857142857,348.00000000000006
bdl_3922,Q3_2.5,3,27,0.434,1.0,1.0,0,0.0,9900.0
bdl_3923,Q2_2.5,2,3,0.263,0.691,0.68,0,0.4225352112676056,136.66666666666666
bdl_3924,Q2_2.5,2,7,0.0,0.947,0.947,0,0.23776223776223782,320.58823529411757
bdl_3925,Q2_2.5,2,2,0.0515,0.654,0.459,0,0.4388489208633094,127.86885245901635
bdl_3926,Q2_END,2,11,0.271,0.986,0.986,0,0.2210526315789474,352.38095238095235
bdl_3927,Q2_2.5,2,4,0.109,0.817,0.768,0,0.3486842105263158,186.79245283018867
bdl_3928,Q4_7.5,4,12,0.1815,0.993,0.993,0,0.01666666666666672,5899.999999999982
bdl_3929,Q2_END,2,3,0.093,0.711,0.711,0,0.4225352112676056,136.66666666666666
bdl_3930,Q2_2.5,2,12,0.069,0.998,0.906,1,0.1578947368421053,533.3333333333331
bdl_3931,Q2_2.5,2,1,0.511,0.511,0.283,1,0.4513274336283186,121.56862745098036
bdl_3932,Q2_END,2,9,0.0795,0.986,0.558,1,0.21052631578947367,375.0
bdl_3933,Q2_7.5,2,2,0.666,0.666,0.666,0,0.4388489208633094,127.86885245901635
bdl_3934,Q2_5,2,14,0.651,1.0,0.983,0,0.05882352941176472,1599.9999999999995
bdl_3935,Q3_7.5,3,2,0.663,0.663,0.653,0,0.4747474747474747,110.63829787234044
bdl_3936,Q2_5,2,4,0.0135,0.794,0.794,1,0.3486842105263158,186.79245283018867
bdl_3937,Q2_7.5,2,1,0.636,0.636,0.636,1,0.4513274336283186,121.56862745098036
bdl_3938,Q2_5,2,3,0.623,0.77,0.662,0,0.4225352112676056,136.66666666666666
bdl_3939,Q2_5,2,4,0.083,0.832,0.643,0,0.3486842105263158,186.79245283018867
bdl_3940,Q2_5,2,8,0.001,0.921,0.921,0,0.26515151515151514,277.14285714285717
bdl_3941,Q2_5,2,1,0.0,0.605,0.438,0,0.4513274336283186,121.56862745098036
bdl_3942,Q2_5,2,4,0.333,0.829,0.618,0,0.3486842105263158,186.79245283018867
bdl_3943,Q2_5,2,1,0.0,0.624,0.133,1,0.4513274336283186,121.56862745098036
bdl_3944,Q2_END,2,6,0.0,0.874,0.874,1,0.42207792207792205,136.92307692307693
bdl_3945,Q2_5,2,2,0.6175,0.55,0.424,1,0.4388489208633094,127.86885245901635
bdl_3946,Q3_7.5,3,22,0.082,1.0,1.0,0,0.0,9900.0
bdl_3948,Q2_END,2,6,0.0,0.864,0.659,1,0.42207792207792205,136.92307692307693
bdl_3949,Q2_2.5,2,7,0.014,0.96,0.721,0,0.23776223776223782,320.58823529411757
bdl_3950,Q2_5,2,3,0.699,0.699,0.08,1,0.4225352112676056,136.66666666666666
bdl_3951,Q3_2.5,3,1,0.637,0.637,0.637,0,0.4787234042553191,108.8888888888889
bdl_3952,Q2_END,2,11,0.262,0.997,0.913,0,0.2210526315789474,352.38095238095235
bdl_3953,Q3_5,3,4,0.698,0.698,0.317,1,0.34905660377358494,186.48648648648646
bdl_3954,Q2_5,2,4,0.0,0.766,0.766,0,0.3486842105263158,186.79245283018867
bdl_3955,Q2_2.5,2,11,0.0045,0.984,0.669,1,0.2210526315789474,352.38095238095235
bdl_3956,Q2_5,2,17,0.427,1.0,0.995,0,0.0625,1500.0
bdl_3957,Q2_7.5,2,1,0.61,0.61,0.251,1,0.4513274336283186,121.56862745098036
bdl_3958,Q2_2.5,2,10,0.0,0.944,0.944,0,0.2666666666666667,274.9999999999999
bdl_3959,Q3_2.5,3,23,0.6805,1.0,1.0,0,0.0,9900.0
bdl_3960,Q2_5,2,20,0.006,1.0,0.997,0,0.0,9900.0
bdl_3961,Q2_2.5,2,15,0.0,1.0,0.995,0,0.15000000000000002,566.6666666666666
bdl_3962,Q2_2.5,2,6,0.38,0.827,0.827,0,0.42207792207792205,136.92307692307693
bdl_3963,Q2_5,2,2,0.0,0.699,0.529,1,0.4388489208633094,127.86885245901635
bdl_3964,Q2_END,2,24,0.026,1.0,1.0,0,0.0,9900.0
bdl_3965,Q2_5,2,7,0.31,0.945,0.885,0,0.23776223776223782,320.58823529411757
bdl_3966,Q2_5,2,6,0.0,0.925,0.123,1,0.42207792207792205,136.92307692307693
bdl_3967,Q3_7.5,3,16,0.0,1.0,1.0,0,0.02083333333333337,4699.999999999992
bdl_3968,Q2_5,2,1,0.005,0.628,0.628,1,0.4513274336283186,121.56862745098036
bdl_3969,Q2_5,2,1,0.522,0.739,0.591,0,0.4513274336283186,121.56862745098036
bdl_3970,Q2_5,2,6,0.0,0.904,0.904,0,0.42207792207792205,136.92307692307693
bdl_3971,Q2_5,2,5,0.064,0.924,0.248,1,0.39860139860139865,150.8771929824561
bdl_3972,Q2_5,2,1,0.525,0.451,0.451,1,0.4513274336283186,121.56862745098036
bdl_3973,Q2_END,2,5,0.0,0.842,0.492,0,0.39860139860139865,150.8771929824561
bdl_3974,Q2_7.5,2,2,0.696,0.696,0.332,0,0.4388489208633094,127.86885245901635
bdl_3975,Q3_7.5,3,15,0.558,1.0,0.996,0,0.030303030303030276,3200.0000000000027
bdl_3976,Q2_5,2,4,0.002,0.803,0.495,1,0.3486842105263158,186.79245283018867
bdl_3977,Q2_5,2,3,0.0,0.741,0.242,1,0.4225352112676056,136.66666666666666
bdl_3978,Q2_5,2,6,0.0,0.891,0.891,0,0.42207792207792205,136.92307692307693
bdl_3979,Q3_5,3,6,0.1005,0.867,0.339,1,0.2232142857142857,348.00000000000006
bdl_3980,Q2_5,2,2,0.004,0.676,0.307,0,0.4388489208633094,127.86885245901635
bdl_3981,Q2_5,2,4,0.003,0.822,0.822,1,0.3486842105263158,186.79245283018867
bdl_3982,Q3_5,3,11,0.04,0.965,0.833,0,0.16842105263157892,493.7500000000001
bdl_3983,Q2_2.5,2,2,0.6035,0.612,0.221,0,0.4388489208633094,127.86885245901635
bdl_3984,Q2_2.5,2,2,0.0,0.576,0.576,0,0.4388489208633094,127.86885245901635
bdl_3985,Q2_END,2,10,0.262,0.964,0.964,0,0.2666666666666667,274.9999999999999
bdl_3986,Q3_5,3,7,0.001,0.949,0.169,0,0.21705426356589153,360.7142857142856
bdl_3987,Q2_2.5,2,3,0.663,0.587,0.587,1,0.4225352112676056,136.66666666666666
bdl_3988,Q3_5,3,1,0.0,0.575,0.3,1,0.4787234042553191,108.8888888888889
bdl_3989,Q2_5,2,10,0.158,0.99,0.99,0,0.2666666666666667,274.9999999999999
bdl_3990,Q2_2.5,2,1,0.068,0.54,0.515,1,0.4513274336283186,121.56862745098036
bdl_3991,Q3_END,3,21,0.02,1.0,1.0,0,0.02857142857142858,3399.9999999999986
bdl_3992,Q2_5,2,14,0.606,1.0,0.98,1,0.05882352941176472,1599.9999999999995
bdl_3993,Q2_5,2,6,0.651,0.911,0.636,1,0.42207792207792205,136.92307692307693
bdl_3994,Q3_7.5,3,1,0.49,0.649,0.459,0,0.4787234042553191,108.8888888888889
bdl_3995,Q2_2.5,2,3,0.046,0.745,0.57,1,0.4225352112676056,136.66666666666666
bdl_3996,Q3_5,3,2,0.393,0.686,0.513,0,0.4747474747474747,110.63829787234044
bdl_3997,Q3_2.5,3,3,0.672,0.755,0.584,0,0.44545454545454544,124.48979591836738
bdl_3999,Q2_END,2,18,0.04,1.0,1.0,0,0.0,9900.0
bdl_4000,Q2_2.5,2,7,0.39,0.932,0.76,0,0.23776223776223782,320.58823529411757
bdl_4001,Q3_5,3,5,0.0,0.774,0.245,0,0.28099173553719003,255.88235294117655
bdl_4002,Q3_END,3,17,0.0345,0.998,0.998,0,0.0,9900.0
bdl_4003,Q2_5,2,3,0.055,0.725,0.725,0,0.4225352112676056,136.66666666666666
bdl_4005,Q2_5,2,4,0.0,0.753,0.534,1,0.3486842105263158,186.79245283018867
bdl_4006,Q2_5,2,2,0.0,0.797,0.269,0,0.4388489208633094,127.86885245901635
bdl_4008,Q2_7.5,2,2,0.596,0.596,0.596,0,0.4388489208633094,127.86885245901635
bdl_4010,Q2_2.5,2,8,0.0,0.95,0.857,0,0.26515151515151514,277.14285714285717
bdl_4011,Q2_2.5,2,5,0.41,0.821,0.556,0,0.39860139860139865,150.8771929824561
bdl_4012,Q3_5,3,1,0.535,0.535,0.535,1,0.4787234042553191,108.8888888888889
bdl_4014,Q2_2.5,2,5,0.0,0.83,0.69,1,0.39860139860139865,150.8771929824561
bdl_4015,Q2_5,2,7,0.002,0.955,0.955,0,0.23776223776223782,320.58823529411757
bdl_4016,Q2_5,2,4,0.621,0.7405,0.7405,1,0.3486842105263158,186.79245283018867
bdl_4017,Q2_5,2,13,0.26,0.99,0.987,0,0.14102564102564108,609.0909090909088
bdl_4018,Q2_5,2,4,0.026,0.922,0.192,1,0.3486842105263158,186.79245283018867
bdl_4019,Q2_2.5,2,10,0.003,0.974,0.974,0,0.2666666666666667,274.9999999999999
bdl_4020,Q2_2.5,2,11,0.288,0.985,0.912,0,0.2210526315789474,352.38095238095235
bdl_4021,Q2_7.5,2,3,0.611,0.611,0.611,0,0.4225352112676056,136.66666666666666
bdl_4022,Q2_5,2,2,0.06,0.687,0.687,1,0.4388489208633094,127.86885245901635
bdl_4023,Q2_2.5,2,9,0.491,0.982,0.975,0,0.21052631578947367,375.0
bdl_4024,Q2_END,2,11,0.041,0.979,0.979,0,0.2210526315789474,352.38095238095235
bdl_4025,Q4_5,4,14,0.57,0.999,0.996,0,0.0,9900.0
bdl_4026,Q2_5,2,2,0.229,0.663,0.479,0,0.4388489208633094,127.86885245901635
bdl_4027,Q2_5,2,5,0.334,0.84,0.74,0,0.39860139860139865,150.8771929824561
bdl_4028,Q2_2.5,2,10,0.532,0.995,0.995,0,0.2666666666666667,274.9999999999999
bdl_4029,Q3_7.5,3,4,0.121,0.804,0.791,0,0.34905660377358494,186.48648648648646
bdl_4030,Q2_2.5,2,1,0.5245,0.645,0.645,0,0.4513274336283186,121.56862745098036
bdl_4031,Q2_7.5,2,2,0.699,0.699,0.5095,0,0.4388489208633094,127.86885245901635
bdl_4032,Q2_5,2,15,0.626,0.999,0.986,0,0.15000000000000002,566.6666666666666
bdl_4034,Q2_5,2,3,0.65,0.743,0.544,1,0.4225352112676056,136.66666666666666
bdl_4035,Q2_7.5,2,1,0.63,0.63,0.227,1,0.4513274336283186,121.56862745098036
bdl_4036,Q4_7.5,4,9,0.604,0.972,0.972,0,0.012499999999999956,7900.000000000028
bdl_4037,Q2_2.5,2,4,0.634,0.901,0.734,1,0.3486842105263158,186.79245283018867
bdl_4039,Q2_5,2,3,0.257,0.776,0.756,0,0.4225352112676056,136.66666666666666
bdl_4040,Q2_2.5,2,7,0.0,0.939,0.378,1,0.23776223776223782,320.58823529411757
bdl_4041,Q2_2.5,2,4,0.052,0.821,0.821,0,0.3486842105263158,186.79245283018867
bdl_4043,Q2_5,2,17,0.0,1.0,1.0,0,0.0625,1500.0
bdl_4044,Q2_5,2,7,0.035,0.952,0.682,0,0.23776223776223782,320.58823529411757
bdl_4045,Q2_END,2,5,0.0,0.872,0.872,0,0.39860139860139865,150.8771929824561
bdl_4046,Q3_7.5,3,10,0.631,0.964,0.933,0,0.0898876404494382,1012.5
bdl_4047,Q2_5,2,11,0.0,0.997,0.987,0,0.2210526315789474,352.38095238095235
bdl_4048,Q2_2.5,2,3,0.212,0.671,0.552,1,0.4225352112676056,136.66666666666666
bdl_4049,Q4_7.5,4,6,0.042,0.854,0.854,0,0.06666666666666665,1400.0000000000005
bdl_4051,Q2_2.5,2,3,0.0,0.775,0.619,1,0.4225352112676056,136.66666666666666
bdl_4052,Q2_5,2,5,0.0015,0.879,0.879,0,0.39860139860139865,150.8771929824561
bdl_4053,Q2_2.5,2,16,0.01,1.0,0.993,0,0.03448275862068961,2800.0000000000036
bdl_4054,Q2_2.5,2,4,0.001,0.696,0.344,1,0.3486842105263158,186.79245283018867
bdl_4055,Q2_7.5,2,2,0.584,0.584,0.584,0,0.4388489208633094,127.86885245901635
bdl_4056,Q2_5,2,6,0.689,0.901,0.901,0,0.42207792207792205,136.92307692307693
bdl_4057,Q3_7.5,3,6,0.002,0.872,0.848,0,0.2232142857142857,348.00000000000006
bdl_4058,Q3_5,3,2,0.109,0.691,0.609,1,0.4747474747474747,110.63829787234044
bdl_4059,Q2_5,2,1,0.0,0.695,0.695,1,0.4513274336283186,121.56862745098036
bdl_4060,Q2_2.5,2,12,0.295,0.994,0.433,0,0.1578947368421053,533.3333333333331
bdl_4061,Q2_END,2,1,0.2485,0.7,0.7,1,0.4513274336283186,121.56862745098036
bdl_4062,Q2_2.5,2,5,0.0,0.853,0.435,1,0.39860139860139865,150.8771929824561
bdl_4063,Q2_5,2,3,0.0625,0.794,0.794,0,0.4225352112676056,136.66666666666666
bdl_4064,Q2_5,2,9,0.041,0.985,0.521,0,0.21052631578947367,375.0
bdl_4065,Q2_7.5,2,2,0.666,0.666,0.666,0,0.4388489208633094,127.86885245901635
bdl_4066,Q4_7.5,4,10,0.157,0.982,0.938,0,0.019607843137254943,4999.999999999989
bdl_4067,Q2_5,2,22,0.177,1.0,1.0,0,0.0,9900.0
bdl_4068,Q3_7.5,3,1,0.008,0.59,0.59,1,0.4787234042553191,108.8888888888889
bdl_4069,Q2_2.5,2,4,0.119,0.812,0.388,0,0.3486842105263158,186.79245283018867
bdl_4070,Q2_5,2,8,0.006,0.986,0.868,1,0.26515151515151514,277.14285714285717
bdl_4071,Q2_5,2,3,0.0,0.728,0.6,0,0.4225352112676056,136.66666666666666
bdl_4072,Q2_5,2,2,0.593,0.642,0.642,0,0.4388489208633094,127.86885245901635
bdl_4073,Q2_7.5,2,1,0.646,0.646,0.646,1,0.4513274336283186,121.56862745098036
bdl_4074,Q2_END,2,1,0.04,0.632,0.632,1,0.4513274336283186,121.56862745098036
bdl_4075,Q2_5,2,9,0.0,0.981,0.846,1,0.21052631578947367,375.0
bdl_4076,Q2_5,2,13,0.247,0.999,0.998,1,0.14102564102564108,609.0909090909088
bdl_4077,Q2_5,2,10,0.1835,0.975,0.975,0,0.2666666666666667,274.9999999999999
bdl_4078,Q2_5,2,8,0.4445,0.93,0.93,0,0.26515151515151514,277.14285714285717
bdl_4079,Q2_2.5,2,4,0.082,0.8,0.675,0,0.3486842105263158,186.79245283018867
bdl_4080,Q2_5,2,3,0.045,0.805,0.512,1,0.4225352112676056,136.66666666666666
bdl_4081,Q2_5,2,6,0.35,0.8,0.8,0,0.42207792207792205,136.92307692307693
bdl_4082,Q2_2.5,2,6,0.394,0.907,0.907,0,0.42207792207792205,136.92307692307693
bdl_4083,Q2_5,2,3,0.639,0.783,0.783,0,0.4225352112676056,136.66666666666666
bdl_4084,Q2_5,2,4,0.342,0.804,0.518,1,0.3486842105263158,186.79245283018867
bdl_4085,Q2_5,2,5,0.6295,0.825,0.825,1,0.39860139860139865,150.8771929824561
bdl_4086,Q2_END,2,7,0.002,0.906,0.808,1,0.23776223776223782,320.58823529411757
bdl_4087,Q2_2.5,2,9,0.5045,0.987,0.928,0,0.21052631578947367,375.0
bdl_4088,Q2_7.5,2,2,0.695,0.695,0.587,1,0.4388489208633094,127.86885245901635
bdl_4090,Q2_5,2,9,0.204,0.977,0.977,0,0.21052631578947367,375.0
bdl_4091,Q2_2.5,2,4,0.003,0.783,0.478,1,0.3486842105263158,186.79245283018867
bdl_4092,Q2_5,2,7,0.007,0.958,0.958,0,0.23776223776223782,320.58823529411757
bdl_4093,Q2_5,2,6,0.0,0.854,0.854,0,0.42207792207792205,136.92307692307693
bdl_4094,Q3_END,3,20,0.1305,1.0,0.998,0,0.0,9900.0
bdl_4095,Q2_2.5,2,3,0.239,0.712,0.712,0,0.4225352112676056,136.66666666666666
bdl_4096,Q2_2.5,2,14,0.0,0.998,0.991,0,0.05882352941176472,1599.9999999999995
bdl_4097,Q2_2.5,2,9,0.0,0.974,0.965,0,0.21052631578947367,375.0
bdl_4098,Q2_5,2,2,0.0,0.534,0.332,0,0.4388489208633094,127.86885245901635
bdl_4099,Q2_5,2,1,0.0,0.556,0.556,1,0.4513274336283186,121.56862745098036
bdl_4100,Q2_2.5,2,5,0.04,0.862,0.284,0,0.39860139860139865,150.8771929824561
bdl_4101,Q2_2.5,2,4,0.0,0.678,0.678,1,0.3486842105263158,186.79245283018867
bdl_4102,Q2_5,2,8,0.0915,0.935,0.935,0,0.26515151515151514,277.14285714285717
bdl_4103,Q3_7.5,3,7,0.505,0.896,0.896,0,0.21705426356589153,360.7142857142856
bdl_4104,Q2_5,2,6,0.0295,0.891,0.598,1,0.42207792207792205,136.92307692307693
bdl_4105,Q2_5,2,2,0.0,0.776,0.719,1,0.4388489208633094,127.86885245901635
bdl_4106,Q2_2.5,2,4,0.67,0.816,0.756,0,0.3486842105263158,186.79245283018867
bdl_4107,Q2_2.5,2,12,0.0095,0.994,0.98,1,0.1578947368421053,533.3333333333331
bdl_4108,Q3_2.5,3,7,0.2365,0.891,0.884,0,0.21705426356589153,360.7142857142856
bdl_4109,Q2_END,2,9,0.492,0.96,0.739,0,0.21052631578947367,375.0
bdl_4110,Q2_2.5,2,4,0.004,0.757,0.569,0,0.3486842105263158,186.79245283018867
bdl_4111,Q3_2.5,3,16,0.0125,1.0,0.984,0,0.02083333333333337,4699.999999999992
bdl_4112,Q3_7.5,3,26,0.238,1.0,1.0,0,0.0,9900.0
bdl_4113,Q2_END,2,10,0.548,0.985,0.985,0,0.2666666666666667,274.9999999999999
bdl_4114,Q2_2.5,2,1,0.215,0.503,0.416,1,0.4513274336283186,121.56862745098036
bdl_4115,Q3_END,3,6,0.087,0.884,0.387,0,0.2232142857142857,348.00000000000006
bdl_4116,Q2_5,2,15,0.037,1.0,0.987,0,0.15000000000000002,566.6666666666666
bdl_4117,Q2_5,2,4,0.064,0.694,0.324,0,0.3486842105263158,186.79245283018867
bdl_4119,Q3_7.5,3,10,0.058,0.958,0.925,0,0.0898876404494382,1012.5
bdl_4120,Q3_2.5,3,17,0.326,0.998,0.989,0,0.0,9900.0
bdl_4121,Q2_7.5,2,1,0.635,0.635,0.635,0,0.4513274336283186,121.56862745098036
bdl_4122,Q2_2.5,2,11,0.5475,0.99,0.966,0,0.2210526315789474,352.38095238095235
bdl_4123,Q2_END,2,15,0.422,0.999,0.997,0,0.15000000000000002,566.6666666666666
bdl_4124,Q2_2.5,2,1,0.0,0.612,0.612,0,0.4513274336283186,121.56862745098036
bdl_4125,Q2_5,2,2,0.547,0.547,0.547,1,0.4388489208633094,127.86885245901635
bdl_4126,Q2_2.5,2,2,0.0475,0.667,0.615,0,0.4388489208633094,127.86885245901635
bdl_4127,Q2_5,2,7,0.001,0.96,0.784,0,0.23776223776223782,320.58823529411757
bdl_4128,Q2_END,2,15,0.0,0.999,0.996,0,0.15000000000000002,566.6666666666666
bdl_4129,Q2_7.5,2,2,0.682,0.682,0.099,0,0.4388489208633094,127.86885245901635
bdl_4130,Q2_7.5,2,1,0.582,0.582,0.419,0,0.4513274336283186,121.56862745098036
bdl_4131,Q3_5,3,5,0.143,0.843,0.745,1,0.28099173553719003,255.88235294117655
bdl_4132,Q3_5,3,6,0.096,0.891,0.891,0,0.2232142857142857,348.00000000000006
bdl_4133,Q2_END,2,9,0.213,0.97,0.563,0,0.21052631578947367,375.0
bdl_4134,Q3_END,3,20,0.6495,1.0,1.0,0,0.0,9900.0
bdl_4136,Q2_5,2,9,0.108,0.988,0.98,0,0.21052631578947367,375.0
bdl_4137,Q2_END,2,13,0.34,0.996,0.874,0,0.14102564102564108,609.0909090909088
bdl_4138,Q2_2.5,2,7,0.126,0.985,0.929,0,0.23776223776223782,320.58823529411757
bdl_4139,Q2_5,2,3,0.03,0.765,0.537,1,0.4225352112676056,136.66666666666666
bdl_4140,Q2_END,2,1,0.0,0.61,0.482,0,0.4513274336283186,121.56862745098036
bdl_4141,Q2_2.5,2,22,0.661,1.0,1.0,0,0.0,9900.0
bdl_4142,Q2_5,2,8,0.0,0.97,0.97,0,0.26515151515151514,277.14285714285717
bdl_4143,Q2_5,2,2,0.226,0.695,0.032,1,0.4388489208633094,127.86885245901635
bdl_4144,Q3_7.5,3,11,0.671,0.991,0.905,0,0.16842105263157892,493.7500000000001
bdl_4147,Q3_END,3,5,0.09,0.844,0.844,0,0.28099173553719003,255.88235294117655
bdl_4148,Q2_7.5,2,2,0.567,0.567,0.417,0,0.4388489208633094,127.86885245901635
bdl_4149,Q3_7.5,3,17,0.3845,1.0,1.0,0,0.0,9900.0
bdl_4150,Q2_END,2,6,0.001,0.886,0.658,0,0.42207792207792205,136.92307692307693
bdl_4151,Q2_5,2,3,0.666,0.666,0.604,0,0.4225352112676056,136.66666666666666
bdl_4152,Q2_END,2,14,0.011,0.998,0.998,0,0.05882352941176472,1599.9999999999995
bdl_4153,Q2_5,2,6,0.0,0.928,0.928,1,0.42207792207792205,136.92307692307693
bdl_4154,Q2_2.5,2,3,0.698,0.698,0.698,0,0.4225352112676056,136.66666666666666
bdl_4155,Q3_7.5,3,5,0.078,0.85,0.751,0,0.28099173553719003,255.88235294117655
bdl_4156,Q2_5,2,7,0.393,0.962,0.054,0,0.23776223776223782,320.58823529411757
bdl_4157,Q3_2.5,3,5,0.0,0.833,0.833,0,0.28099173553719003,255.88235294117655
bdl_4158,Q2_2.5,2,7,0.4205,0.866,0.686,1,0.23776223776223782,320.58823529411757
bdl_4159,Q3_2.5,3,8,0.0,0.933,0.91,0,0.1707317073170732,485.7142857142856
bdl_4160,Q2_5,2,15,0.639,1.0,0.977,0,0.15000000000000002,566.6666666666666
bdl_4161,Q2_5,2,7,0.088,0.944,0.617,0,0.23776223776223782,320.58823529411757
bdl_4162,Q2_7.5,2,3,0.646,0.646,0.646,1,0.4225352112676056,136.66666666666666
bdl_4163,Q2_7.5,2,1,0.601,0.601,0.479,0,0.4513274336283186,121.56862745098036
bdl_4164,Q2_2.5,2,5,0.0,0.88,0.488,1,0.39860139860139865,150.8771929824561
bdl_4165,Q4_5,4,5,0.593,0.869,0.869,0,0.02631578947368418,3700.000000000004
bdl_4166,Q2_7.5,2,3,0.624,0.624,0.624,1,0.4225352112676056,136.66666666666666
bdl_4168,Q2_2.5,2,5,0.334,0.756,0.756,0,0.39860139860139865,150.8771929824561
bdl_4169,Q2_5,2,16,0.087,1.0,0.997,0,0.03448275862068961,2800.0000000000036
